chapter,chapter_title,section,section_title
1,数学导论,1,线性矢量空间：基
1,数学导论,2,内积空间
1,数学导论,3,对偶空间和狄拉克符号
1,数学导论,4,子空间
1,数学导论,5,线性算符
1,数学导论,6,线性算符的矩阵元
1,数学导论,7,主动变换和被动变换
1,数学导论,8,本征值问题
1,数学导论,9,算符函数及其相关概念
1,数学导论,10,推广到无穷维
2,经典力学述评,1,最小作用原理和拉格朗日力学
2,经典力学述评,2,电磁拉格朗日量
2,经典力学述评,3,两体问题
2,经典力学述评,4,粒子有多聪明？
2,经典力学述评,5,哈密顿形式
2,经典力学述评,6,哈密顿量方案中的电磁力
2,经典力学述评,7,循环坐标、泊松括号和正则变换
2,经典力学述评,8,对称性及其推论
3,经典力学并非一切顺利,1,经典物理中的粒子和波
3,经典力学并非一切顺利,2,（经典）波和粒子的一个实验
3,经典力学并非一切顺利,3,光的双缝实验
3,经典力学并非一切顺利,4,物质波（德布罗意波）
3,经典力学并非一切顺利,5,结论
4,公设：一般性讨论,1,公设
4,公设：一般性讨论,2,公设 I--III 的讨论
4,公设：一般性讨论,3,薛定谔方程（一丝不苟，注重细节）
5,一维简单问题,1,自由粒子
5,一维简单问题,2,箱子中的粒子
5,一维简单问题,3,概率连续性方程
5,一维简单问题,4,单步阶梯势：一个散射问题
5,一维简单问题,5,双缝实验
5,一维简单问题,6,一些定理
7,简谐振子,1,为什么研究简谐振子？
7,简谐振子,2,经典振子回顾
7,简谐振子,3,简谐振子的量子化（坐标基）
7,简谐振子,4,能量基下的谐振子
7,简谐振子,5,从能量基过渡到坐标基
8,量子理论的路径积分形式,1,路径积分方案
8,量子理论的路径积分形式,2,该方案的分析
8,量子理论的路径积分形式,3,自由粒子 U(t) 的一种近似
8,量子理论的路径积分形式,4,自由粒子传播子的路径积分计算
8,量子理论的路径积分形式,5,与薛定谔方程的等价性
8,量子理论的路径积分形式,6,形式为 \texorpdfstring{$V=a+bx+cx^2+d\dot{x}+ex\dot{x}$}{V=a+bx+cx2+dxdot+exxdot} 的势
9,海森堡不确定度关系,1,引言
9,海森堡不确定度关系,2,不确定度关系的推导
9,海森堡不确定度关系,3,最小不确定度波包
9,海森堡不确定度关系,4,不确定性原理的应用
9,海森堡不确定度关系,5,能量-时间不确定度关系
10,N 个自由度系统,1,一维中的 N 个粒子
10,N 个自由度系统,2,更高维中的更多粒子
10,N 个自由度系统,3,全同粒子
11,对称性及其推论,1,概述
11,对称性及其推论,2,量子理论中的平移不变性
11,对称性及其推论,3,时间平移不变性
11,对称性及其推论,4,宇称不变性
11,对称性及其推论,5,时间反演对称性
12,转动不变性和角动量,1,二维中的平移
12,转动不变性和角动量,2,二维中的转动
12,转动不变性和角动量,3,\texorpdfstring{$L_z$}{Lz} 的本征值问题
12,转动不变性和角动量,4,三维中的角动量
12,转动不变性和角动量,5,\texorpdfstring{$L^2$ 和 $L_z$}{L2 和 Lz} 的本征值问题
12,转动不变性和角动量,6,转动不变问题的解
13,氢原子,1,本征值问题
13,氢原子,2,氢原子能谱的简并性
13,氢原子,3,数值估算和与实验的比较
13,氢原子,4,多电子原子和周期表
14,自旋,1,引言
14,自旋,2,自旋的本质是什么？
14,自旋,3,自旋的运动学
14,自旋,4,自旋动力学
14,自旋,5,回到轨道自由度
15,角动量加法,1,一个简单的例子
15,角动量加法,2,一般问题
15,角动量加法,3,不可约张量算符
15,角动量加法,4,某些“偶然”简并度的解释
16,变分法和 WKB 法,1,变分法
16,变分法和 WKB 法,2,WKB（Wentzel-Kramers-Brillouin）法
17,不含时微扰论,1,形式体系
17,不含时微扰论,2,一些例子
17,不含时微扰论,3,简并微扰论
18,含时微扰论,1,问题
18,含时微扰论,2,一阶微扰论
18,含时微扰论,3,微扰论中的更高阶
18,含时微扰论,4,电磁相互作用的一般讨论
18,含时微扰论,5,原子与电磁辐射的相互作用
19,散射理论,1,引言
19,散射理论,2,一维散射的再现和概述
19,散射理论,3,玻恩近似（含时描述）
19,散射理论,4,再论玻恩近似（不含时描述）
19,散射理论,5,分波展开
19,散射理论,6,两粒子散射
20,狄拉克方程,1,自由粒子狄拉克方程
20,狄拉克方程,2,狄拉克粒子的电磁相互作用
20,狄拉克方程,3,再论相对论量子力学
21,路径积分：第二部分,1,路径积分的导出
21,路径积分：第二部分,2,虚时形式
21,路径积分：第二部分,3,自旋和费米子路径积分
21,路径积分：第二部分,4,总结
